0,12 Gates Brewing Company,80 Earhart Dr Ste 20,Williamsville,New York,14221-7804,7169066600,http://www.12gatesbrewing.com
1,16 Stone Brewpub,9542 Main St,Holland Patent,New York,13354,3158658500,http://www.16stonebrewpub.com
2,1940's Brewing Company,1337 Lincoln Ave Unit 1,Holbrook,New York,11741-2275,6315334838,http://www.1940sbrewingcompany.com
3,2 Way Brewing Company,18 W Main St,Beacon,New York,12508-2512,8452027334,http://www.2waybrewingcompany.com
4,212 Brewing Company,21476 Route 23,Davenport,New York,13750,2123779050,
5,42 North Brewing Company,25 Pine St,East Aurora,New York,14052-1827,7168057500,http://www.42northbrewing.com
6,6 Degrees of Separation,35 Main St,Ossining,New York,10562-4662,9144325969,http://www.6degreesbp.com
7,7 Sins Brewery,10593 W Main Rd,Ripley,New York,14775-9746,7165812090,http://www.7sinsbrewery.com
8,8th Ward Brewing Company,,Poughkeepsie,New York,12603-3401,,
9,Abandon Brewing,2994 Merritt Hill Rd,Penn Yan,New York,14527-8938,5852093276,http://www.abandonbrewing.com
10,Adirondack Pub and Brewery,33 Canada St,Lake George,New York,12845-1603,5186680002,http://www.adkpub.com
11,Adirondack Toboggan Company Microbrewery,202A W Main St,Gouverneur,New York,13642-1334,3157716313,http://www.adktoboggan.net
12,Akwesasne Mohawk Casino Resort,,Akwesasne,New York,13655-1800,5183582222,http://mohawkcasino.com
13,Alewife Brewing Company,514 51st Ave,Long Island City,New York,11101-5879,7189377494,http://www.alewife.beer
14,Alphabet City Brewing Co,96 Avenue C Frnt 4,New York,New York,10009-7055,9143566809,http://www.acbnyc.com
15,Amber Lantern Brewing Company,44 N Main St,Warsaw,New York,14569-1326,5857863559,http://www.amberlanternbrewingcompany.com
16,Andean Brewing,300 Corporate Dr Ste 2,Blauvelt,New York,10913-1162,6464505852,
17,Anheuser-Busch Inc â Baldwinsville,2885 Belgium Rd,Baldwinsville,New York,13027-2706,3156354000,
18,Apex Brewery,,Central Valley,New York,10917-3708,8455493006,http://www.apexbeer.co
19,Argyle Brewing Company,1 Main St,Greenwich,New York,12834-1209,5183387405,http://www.argylebrewing.com
20,Arrowood Farms,236 Lower Whitfield Rd,Accord,New York,12404-5809,8452530389,http://www.arrowoodfarms.com
21,Artisanal Brew Works,41 Geyser Rd,Saratoga Springs,New York,12866-9038,5185942337,http://www.artisanalbrewworks.com
22,Aurora Ale & Lager,1891 State Route 90 N,King Ferry,New York,13081-9719,,http://www.brewaurora.com
23,Ausable Brewing Co,765 Mace Chasm Rd,Keeseville,New York,12944-2425,3152443295,http://ausablebrewing.tumblr.com
24,B9 Beverages Inc,404 5th Ave # 7.055,New York,New York,10018-2797,,
25,Bacchus Brewing,15 Ellis Dr,Dryden,New York,13053-9630,6078448474,http://www.bacchusbrewing.com
26,Bandwagon Brewery,3582 West Ave,Interlaken,New York,14847,6072295608,http://www.bandwagonbeer.com
27,BarkEater Craft Brewery,5411 Shady Ave,Lowville,New York,13367-1601,3157758959,http://www.barkeaterbrew.com
28,Barnshed Brewing,100 Lauman Ln,Hicksville,New York,11801-6574,5163766514,http://www.barnshedbrewing.com
29,Barrage Brewing Co,32 Allen Blvd Ste E,Farmingdale,New York,11735-5625,6313357941,http://www.barragebrewing.com
30,Barrier Brewing Co,3001 New St Ste A2,Oceanside,New York,11572-2747,5165941028,http://www.barrierbrewing.com
31,Battle Hill Brewing Company,4 Charles Street,Fort Ann,New York,12827,5186391033,http://www.battlehillbrewing.com
32,Beer Tree Brew Co,197 Rte 369,Port Crane,New York,13833,,http://www.beertreebrew.com
33,Bellport Brewing Company,,Rocky Point,New York,11778-8986,6319094457,http://www.bellportbrewing.com
34,Big Alice Brewing Company,808 43rd Rd,Long Island City,New York,11101-6820,3476882337,http://www.bigalicebrewing.com
35,Big Ditch Brewing Company,55 E Huron St,Buffalo,New York,14203-1632,7168545050,http://www.bigditchbrewing.com
36,Big Inlet Brewing,,Mayville,New York,14757-9730,7165737564,http://www.biginletbrewing.com
37,Big Slide Brewery,5686 Cascade Road,Lake Placid,New York,12946,5185237844,http://www.bigslidebrewery.com
38,Big Tupper Brewing,12 Cliff Ave,Tupper Lake,New York,12986-1719,5183596350,http://www.bigtupperbrewing.com
39,Binghamton Brewing Co,15 Avenue B,Johnson City,New York,13790-2234,6072383448,http://www.bingbrew.com
40,Birreria @ Eataly,200 5th Ave Fl 14,New York,New York,10010-3302,2125390204,http://www.eatalyny.com
41,Black Forest Brew Haus,2015 New Hwy,Farmingdale,New York,11735-1103,6313919500,http://www.blackforestbrewhaus.com
42,"Blind Bat Brewery LLC, The",420 Harrison Dr,Centerport,New York,11721-1216,6318917909,http://www.BlindBatBrewery.com
43,"Blue Collar Brewery, Inc.",40 Cottage St,Poughkeepsie,New York,12601-2015,8454542739,http://www.thebluecollarbrewery.com
44,Blue Line Brewery,555 Lake Flower Ave,Saranac Lake,New York,12983-2465,5183548114,http://www.bluelinebrew.com
45,Blue Point Brewing Co,161 River Ave,Patchogue,New York,11772-3304,6314756944,http://www.bluepointbrewing.com
46,Blue Point Brewing,225 West Main St,Patchogue,New York,11772,,
47,Bolton Landing Brewing Co.,4933 Lake Shore Dr,Bolton Landing,New York,12814-7757,5186442739,http://www.boltonlandingbrewing.com
48,"Boots Brewing Company, Inc.",89 Public Sq,Watertown,New York,13601-2626,3157670794,http://www.bootsbrew.com
49,"Bottomless Brewing, LLC",3543 E Lake Rd,Geneva,New York,14456-9261,3153254380,http://www.bottomlessbrewing.com
50,"Bradley Farm / RB Brew, LLC",317 Springtown Rd,New Paltz,New York,12561-3020,8452558769,http://www.raybradleyfarm.com
51,Braven Brewing Company,,Brooklyn,New York,11237,9292956673,
52,Braven Brewing Company,362 Jefferson St # 320,Brooklyn,New York,11237-2312,9292956673,http://www.bravenbrewing.com
53,Brewery At The Culinary Institute Of America,1946 Campus Dr,Hyde Park,New York,12538,,
54,Brewery Ommegang,656 County Highway 33,Cooperstown,New York,13326-4737,8005441809,http://www.ommegang.com
55,BrewSA Brewing Co,180 Woodcleft Ave,Freeport,New York,11520-6336,5163772751,http://www.brewsa.com
56,Brick House Brewery and Restaurant,67 W Main St,Patchogue,New York,11772-3001,6314472337,http://www.brickhousebrewery.com
57,Brickyard Brewing Company,436 Center St,Lewiston,New York,14092-1604,7167547227,http://www.brickyardbrewingcompany.com
58,Bridge And Tunnel Brewery,15-35 Decatur St,Ridgewood,New York,11385-5818,3473928593,http://www.bridgeandtunnelbrewery.com
59,Brindle Haus Brewing Company,377 S Union St,Spencerport,New York,14559-1970,5855076665,http://www.brindlehausbrewing.com
60,Broken Bow Brewery,173 Marbledale Rd,Tuckahoe,New York,10707-3117,9142680900,http://www.brokenbowbrewery.com
61,Brooklyn Brewery,79 N 11th St #1 Brewers Row,Brooklyn,New York,11249-1913,7184867422,http://www.brooklynbrewery.com
62,Brown's Brewing Co,50 Factory Hill Rd,North Hoosick,New York,12133,5182732337,http://www.brownsbrewing.com
63,Brown's Brewing Co,417 River St,Troy,New York,12180-2822,5183654846,http://www.brownsbrewing.com
64,Buffalo Brewing Company,314 Myrtle Ave,Buffalo,New York,14204-2058,7168682218,http://www.buffalo-brewing-company.com
65,Buffalo Brewpub,6861 Main St,Buffalo,New York,14221-5929,7166320552,http://www.buffalobrewpub.com
66,Buffalo RiverWorks Brewery,359 Ganson St,Buffalo,New York,14203-3062,7163422292,http://www.buffaloriverworks.com
67,Bull and Barrel Brew Pub,988 Route 22,Brewster,New York,10509-1576,8452782855,http://www.bullandbarrelbrewpub.com
68,Bullthistle Brewing Co.,45 S Main St,Sherburne,New York,13460-9202,6076742337,
69,Buried Acorn Brewing Company,,Syracuse,New York,13204-1156,3155521499,http://www.buriedacorn.com
70,Buster's Brew Pub,Euphrates River Valley Road Bldg P-4350,Fort Drum,New York,13602,3157721900,http://www.drummwr.com
71,Butternuts Beer,4021 State Highway 51,Garrattsville,New York,13342-1705,6072635070,http://www.butternutsbeer.com
72,Cape Vincent Brewing Co,296 Broadway St,Cape Vincent,New York,13618,,http://www.capevincentbrewing.com
73,Captain Lawrence Brewing Co,444 Saw Mill River Rd Ste 100,Elmsford,New York,10523-1031,9147412337,http://www.captainlawrencebrewing.com
74,Carey's Brew House,58 Bridge St,Corning,New York,14830-2239,6073775651,http://www.careysbrewhouse.com
75,Catskill Brewery,672 Old Route 17,Livingston Manor,New York,12758-0033,8454391232,http://www.catskillbrewery.com
76,Cave Mountain Brewing Co,5359 State Route 23,Windham,New York,12496-5906,5187349222,http://www.cavemountainbrewing.com
77,CB Craft Brewers,300 Village Square Blvd,Honeoye Falls,New York,14472-1180,5856244386,http://www.cbcraftbrewers.com
78,CH Evans Brewing Co/Albany Pump Station,19 Quackenbush Sq,Albany,New York,12207-2311,5184479000,http://www.evansale.com
79,Chatham Brewing LLC,59 Main St,Chatham,New York,12037-1249,5186970202,http://www.chathambrewing.com
80,Chelsea Craft Brewing Co Llc,463 E 173rd St,Bronx,New York,10457-8105,7184848850,http://www.chelseacraftbrewing.com
81,Cheshmeh Brewing Co,,White Plains,New York,10605-3517,,
82,Circa Brewing Co,141 Lawrence St,Brooklyn,New York,11201,7188580055,http://www.circabrewing.co
83,CL River Outpost Brewing,5 John Walsh Blvd,Peekskill,New York,10566,,http://riveroutpostbrewing.com
84,Clemson Bros. Brewery,22 Cottage St,Middletown,New York,10940-5059,8457754638,http://www.clemsonbrewing.com
85,Climbing Bines Craft Ale Company,511 Hanson Point Rd,Penn Yan,New York,14527-9718,6077450221,http://www.climbingbineshopfarm.com
86,College Point Brewery,,College Point,New York,11356-2715,,
87,Common Roots Brewing Company,58 Saratoga Ave,South Glens Falls,New York,12803-4837,5184098248,http://www.commonrootsbrewing.com
88,Community Beer Works,15 Lafayette Ave,Buffalo,New York,14213-1344,7167594677,http://www.communitybeerworks.com
89,Coney Island Beer,1904 Surf Ave,Brooklyn,New York,11224-2410,8184518452,http://www.coneyislandbeer.com
90,Coopers Cave Ale Co,2 Sagamore St,Glens Falls,New York,12801-3179,5187920007,http://www.cooperscaveale.com
91,Cooperstown Brewing Co,41 Browne St.,Oneonta,New York,13820,,
92,Copper City Brewing Company,1111 Oneida St,Rome,New York,13440-,3152818987,http://www.coppercitybrewing.com
93,Copper Turret Restaurant and Brewhouse,17 W Main St,Morrisville,New York,13408-,3158257910,http://www.copperturret.com
94,Cortland Beer Company,16 Court St,Cortland,New York,13045-2604,6076624389,http://www.cortlandbeer.com
95,Council Rock Brewery,4861 State Highway 28 Ste 3,Cooperstown,New York,13326-5229,6076433016,http://www.councilrockbrewery.com
96,Country Town Farm Brewery,,Friendship,New York,14739,5858088995,
97,Cousins Revolution Ale Works,1582 US 9,Wappingers Falls,New York,12590,8452932739,http://www.cousinsrevolution.com
98,Crafty Ales and Lagers,2 Exchange St,Phelps,New York,14532-1010,3153321606,http://www.drinkcraftyales.com
99,Crazy Williez Brewery,546 Silver St,Ilion,New York,13357,,
100,Critz Farms Brewing & Cider Co.,3232 Rippleton Rd,Cazenovia,New York,13035-9693,3156623355,http://www.critzfarms.com
101,Crooked Ladder Brewery,70 W Main St,Riverhead,New York,11901-2802,6319025335,http://www.crookedladderbrewingco.com
102,Crossroads Brewing Co,21 2nd St,Athens,New York,12015-1327,5189452337,http://www.crossroadsbrewingco.com
103,Davidson Brothers Restaurant and Brewery,184 Glen St Rte 9,Glens Falls,New York,12801-0409,5187439026,http://www.davidsonbrothers.com
104,Death Avenue,315 10th Ave B/W 28th & 29th St.,New York,New York,10001-1416,2126958080,http://www.deathave.com
105,Decadent Ales,607A E Boston Post Rd,Mamaroneck,New York,10543-,8005981085,http://www.decadentales.com
106,Defiant Brewing Co,6 E Dexter Plz,Pearl River,New York,10965-2360,8459208602,http://www.defiantbrewing.com
107,Destination Unknown Beer Company,1 S Chicago Ave Unit C,Bay Shore,New York,11706-7000,6314852232,http://www.destinationunknownbeercompany.com
108,District 96 Beer Factory,395 S Main St,New City,New York,10956,8454992409,http://www.district96beer.com
109,Diversion Brewing Co,729 Wyncoop Creek Rd,Chemung,New York,14825-9755,6075429168,http://www.diversionbrewing.com
110,Druthers Brewing Co,381 Broadway,Saratoga Springs,New York,12866-3111,5183065275,http://www.druthersbrewing.com
111,Dublin Corners Farm Brewery,1906 Main St,Linwood,New York,14486-9707,5855384796,http://www.dublincornersfarm.com
112,Duncan's Abbey,,Tarrytown,New York,10591,,http://www.duncansabbey.com
113,Dyckman Beer Co,,Bronx,New York,10451,,http://www.dyckmanbeerco.com
114,Eastern Front Brewing Co,425 Westphalin Rd,Mattituck,New York,11952,6319051535,http://www.facebook.com/easternfrontbrewing/
115,Eastwood Brewing Company,108 Walter Dr,Syracuse,New York,13206-2357,,http://www.facebook.com/eastwoodbrewingcompany
116,Eli Fish Brewing Company,109 Main St,Batavia,New York,14020-2110,5858150401,http://www.elifishbrewing.com
117,Ellicottville Brewing Co,28 Monroe St,Ellicottville,New York,14731,7166992537,http://www.ellicottvillebrewing.com
118,Empire Brewing Co,120 Walton St,Syracuse,New York,13202-1571,3156552337,http://www.empirebrew.com
119,Empire City Beer Company,,New York,New York,10012,9178040571,http://www.hitemhard.com
120,Empire Farm Brewery,33 Rippleton Rd,Cazenovia,New York,13035-9601,3156552337,http://www.empirebrew.com
121,Equilibrium Brewery,22 Henry Street,Middletown,New York,10940,8457754216,http://www.eqbrew.com
122,Erie Canal Brewing Company,135 S Peterboro St,Canastota,New York,13032-1409,3155105001,http://www.eriecanalbrewingcompany.com
123,Fairport Brewing Co,99 S Main St,Fairport,New York,14450-2100,5857520613,http://www.fairportbrewing.com
124,Fairport Brewing Co,1000 Turk Hill Rd Ste 298,Fairport,New York,14450-8755,5857520613,
125,Felicia's Atomic Brewhouse and Bakery,45 E Main St,Trumansburg,New York,14886,6072094229,http://www.atomicbrewhouse.com
126,Ferrari Beer Company,160 Ashford Ave,Dobbs Ferry,New York,10522-1906,9146937340,http://www.ferraribeer.com
127,Fifth Frame Brewing Co.,155 Saint Paul St,Rochester,New York,14604-1144,7168128897,http://www.fifthframe.co
128,Fifth Hammer Brewing Company,10-28 46th Ave,Long Island City,New York,11101-5217,7186632084,http://www.fifthhammerbrewing.com
129,Finback Brewery,78-01 77th Ave,Queens,New York,11385-7518,7186288600,http://www.finbackbrewery.com
130,Finger Lakes Beer Co,8462 State Route 54,Hammondsport,New York,14840-9795,6075693311,
131,Fire Island Beer Co,25 Drexel Dr,Bay Shore,New York,11706-2234,,http://www.fireislandbeer.com
132,Five & 20 Spirits and Brewing,8398 W Route 20,Westfield,New York,14787-9748,7167939463,http://www.fiveand20.com
133,Five Boroughs Brewing Co,215 47th St,Brooklyn,New York,11220-1009,7183558575,http://www.fiveboroughs.com
134,"Flagship Brewery, LLC.",40 Minthorne St,Staten Island,New York,10301-3241,7184485284,http://www.flagshipbrewery.nyc
135,Fleur De Lis Brew Works,3630 State Route 414,Seneca Falls,New York,13148-9202,3156513260,http://www.fleurdelisbrewworks.com
136,Flying Belgian Brewery,211 Main St,Farmingdale,New York,11735-2675,8184577548,http://www.flyingbelgianbrewery.com
137,Flying Bison Brewing Co,840 Seneca St,Buffalo,New York,14210-1414,7168731557,http://www.flyingbisonbrewing.com
138,Folksbier,101 Luquer St # 103,Brooklyn,New York,11231-3308,,http://www.folksbier.com
139,Foothill Hops Farm Brewery,5024 Bear Path Rd,Munnsville,New York,13409-4114,3154952451,http://www.foothillhops.com
140,Foreign Objects Beer Company,,New Paltz,New York,12561-3401,6092871397,http://www.foreignobjectsbeer.com
141,Fort Orange Brewing,450 N Pearl St,Albany,New York,12204-1511,5189923103,http://www.fortorangebrewing.com
142,Four Beasts Brewery,,Brooklyn,New York,11215-2305,3478863834,
143,Four Mile Brewing,202 E Green St,Olean,New York,14760-3606,7163732337,http://www.fourmilebrewing.com
144,Fox N Hare Brewing Company,46 Front St,Port Jervis,New York,12771-2415,3172095767,http://www.foxnhare-brewing.com
145,Freight Yard Brewing LLC,4975 State Route 31,Clay,New York,13041,3158342529,http://www.freightyardbrewing.com
146,From the Ground Brewery,245 Guski Rd,Red Hook,New York,12571-3316,8453098100,http://www.fromthegroundbrewery.com
147,Full Boar Craft Brewery,628 S Main St Ste C,North Syracuse,New York,13212-3687,3158024784,http://www.fullboarbrew.com
148,Fulton Chain Craft Brewery,127 North St,Old Forge,New York,13420-3300,3155250222,http://www.fccbrewery.com
149,Gael Brewing Co,4180 State Route 14,Geneva,New York,14456-9753,3152200190,http://www.gaelbrewing.com
150,Galaxy Brewing Co,"41 Court St, 153 & 157",Binghamton,New York,13901-3104,6072174815,http://www.galaxybrewingco.com
151,Garden of Eve Farm Brewery,4558 Sound Ave,Riverhead,New York,11901-1207,6317228777,http://www.facebook.com/farmbrewery
152,Garland City Beer Works,,Watertown,New York,13601-2423,3157832577,http://www.garlandcitybeerworks.com
153,Garvies Point Brewery,1 Garvies Point Rd,Glen Cove,New York,11542-2821,5168151999,http://www.garviespointbrewery.com
154,G.C. Starkey Beer Company,68 Castle St Apt 1C,Geneva,New York,14456-2648,6076784043,http://www.starkeyslookout.com
155,Gene McCarthy's/Old First Ward Brewing Company,73 Hamburg St,Buffalo,New York,14204-2719,7168558948,http://www.genemccarthys.com
156,Genesee Brew House / North American Breweries,25 Cataract St,Rochester,New York,14605,5852639200,http://www.geneseebeer.com
157,Gentle Giant Brewing Company,7 N Main St,Pearl River,New York,10965-2318,,http://gentlegiantbrewing.com/
158,Gilded Otter Brewing Co,3 Main St,New Paltz,New York,12561-1742,8452561700,http://www.gildedotter.com
159,"Glenmere Brewing Co, Inc",55 Maple Ave,Florida,New York,10921-1124,8456511939,http://www.glenmerebrewingco.com
160,Good Nature Farm Brewery,1727 State Route 12b,Hamilton,New York,13346-2268,3158242337,http://goodnaturebrewing.com
161,Gordon Biersch Brewery Restaurant - Buffalo,Store P102 Galleria Dr,Cheektowaga,New York,14225-5408,7166830050,http://www.craftworksrestaurants.com
162,Gordon Biersch Brewery Restaurant - Syracuse,304 Hiawatha Blvd West #J-101,Syracuse,New York,13290,3154780990,http://www.craftworksrestaurants.com
163,Great Adirondack Brewing Company,2442 Main St,Lake Placid,New York,12946-3300,5185231629,http://www.adksteakandseafood.com
164,Great Flats Brewing,151 Lafayette St,Schenectady,New York,12305-2051,5182800232,http://www.greatflatsbrewing.com
165,Great Life Brewing,,West Park,New York,12493,8453313700,http://www.greatlifebrewing.com
166,Great South Bay Brewery,25 Drexel Dr,Bay Shore,New York,11706-2234,6313928472,http://www.greatsouthbaybrewery.com
167,Green Wolf Brewing Co,315 Main St,Middleburgh,New York,12122-,5188276444,http://www.greenwolfbrew.com
168,Greenpoint Beer,7 N 15th St,Brooklyn,New York,11222-2838,9177501541,http://www.greenpointbeer.com
169,"Greenport Harbor Brewing Co, LLC",42155 Main Rd,Peconic,New York,11958-1502,6315139019,http://www.harborbrewing.com
170,Griffs Brewery,5324 W Ridge Rd,Spencerport,New York,14559-1101,5856173843,http://www.griffsbrewery.com
171,Grimm Artisanal Ales,990 Metropolitan Ave,Brooklyn,New York,11211-2607,,http://GrimmAles.com
172,Grist Iron Brewing Co.,4880 State Route 414,Burdett,New York,14818-9729,6078822739,http://www.gristironbrewing.com
173,Gun Hill Brewing Co,3227 Laconia Ave,Bronx,New York,10469-1403,7188810010,http://www.gunhillbrewing.com
174,Hamburg Brewing Company,6553 Boston State Rd,Hamburg,New York,14075-6630,7166493249,http://www.hamburgbrewing.com
175,Hank Hudson Brewing At Fairways of Halfmoon,17 Johnson Rd,Mechanicville,New York,12118-3505,5186641578,
176,Harbor Head Brewing Co,81 Fort Salonga Rd,Northport,New York,11768-2889,6318155588,http://www.harborheadbrew.com
177,Harlem Blue Beer,2214 Frederick Douglass Blvd Ste 267,New York,New York,10026-1123,,http://www.harlemblue.com
178,Harlem Brewing Co,2 W 123rd St,New York,New York,10027-5623,8885596735,http://www.harlembrewingcompany.com
179,Heartland Brewery,35 Union Sq W Frnt 1,New York,New York,10003-3200,2126453400,http://www.heartlandbrewery.com
180,Heavily Brewing Company,2471 Hayes Rd,Montour Falls,New York,14865,6075352739,http://www.heavilybrewingcompany.com
181,Helderberg Brewery,63 Huyck Rd,Rensselaerville,New York,12147-2108,5187975100,http://careyinstitute.org/programs/sustainable-communities/helderberg-brewery-taproom/
182,Helderberg Mountain Brewing Company,83 Main St,East Berne,New York,12059-2020,5189373606,http://www.helderbergmountainbrewingcompany.com
183,Heroes Brewing Company,543 Atlantic Ave,Rochester,New York,14609,5854345472,https://heroesbrewco.square.site
184,High Perch Brewing Company,1417 Kania Rd,Amsterdam,New York,12010-6610,,
185,Hill Country Farm Brewery,,Jamesville,New York,13078-9637,3157667885,http://Hillcountryfarmbrewery.com
186,Hofbrauhaus Buffalo,,Buffalo,New York,14221-4616,7165631781,http://www.facebook.com/Hofbrauhaus-Buffalo-476335022466386/
187,Honey Hollow Brewery,376 E. Honey Rd.,Earlton,New York,12058,5189665560,http://www.honeyhollowbrewery.com
188,Hop Barn Brewing,94 Maple Ave,Greenville,New York,12083-3311,5189564762,http://hopbarnbrewing.com
189,Hopshire Farm and Brewery,1771 Dryden Rd,Freeville,New York,13068-,6072791243,http://www.hopshire.com
190,Hudson Ale Works,17 Milton Ave,Highland,New York,12528-1409,8453842531,http://www.hudsonaleworks.com
191,Hudson Valley Brewery,7 E Main St,Beacon,New York,12508-3301,8452189156,http://www.hudsonvalleybrewery.com
192,Hyde Park Brewing Co,4076 Albany Post Rd,Hyde Park,New York,12538-1934,8452298277,http://www.hydeparkbrewing.com
193,Iconyc Brewing Company,45-13 34th Ave,Long Island City,New York,11101-1041,3473421360,http://www.iconycbrewing.com
194,In-Law Brewing Co,5868 County Route 14,Chase Mills,New York,13621-3102,,http://www.in-lawbrewingcompany.com
195,Indian Ladder Farmstead Brewery and Cidery,342 Altamont Rd,Altamont,New York,12009-3500,5185771484,http://www.ilfcb.com
196,Industrial Arts Brewing Co.,55 W Railroad Ave # 25W,Garnerville,New York,10923-1261,8459428776,http://www.industrialartsbrewing.com
197,Interboro Spirits And Ales,942 Grand St,Brooklyn,New York,11211-2707,6462455417,http://www.interboro.nyc
198,Irish Mafia Brewing Co,2971 Whalen Rd,Bloomfield,New York,14469-9786,5852715172,http://www.irishmafiabrewing.com
199,Iron Flamingo Brewery,196 Baker St,Corning,New York,14830-2074,6079364766,http://www.ironflamingobrewery.com
200,Iron Tug Brewing,371 Park Ave,Rochester,New York,14607,5857385606,http://www.irontugbrewing.com
201,Island To Island Brewery,642 Rogers Ave,Brooklyn,New York,11226-1502,3479741985,http://www.islandtoislandbrewery.com
202,Ithaca Beer Co,122 Ithaca Beer Dr,Ithaca,New York,14850-8813,6072730766,http://www.ithacabeer.com
203,Jamesport Farm Brewery,5873 Sound Ave,Riverhead,New York,11901-5611,6317228111,http://www.jamesportbrewhouse.com
204,Jamestown Brewing Company,,Jamestown,New York,14701-5110,7168644257,
205,K2 Brothers Brewing,1221 Empire Blvd,Rochester,New York,14609-5946,5854131997,http://www.K2Brewing.com
206,Keegan Ales,20 Saint James St,Kingston,New York,12401-4534,8453312739,http://www.keeganales.com
207,Keg & Lantern Brewing Co,97 Nassau Ave,Brooklyn,New York,11222-3081,7183895050,http://www.kegandlanternbrooklyn.com
208,KelSo Beer Company,529 Waverly Ave,Brooklyn,New York,11238-2701,,http://www.kelsoofbrooklyn.com
209,Keuka Brewing Co,8572 Briglin Rd,Hammondsport,New York,14840-9633,6078684648,http://www.keukabrewingcompany.com
210,Kills Boro Brewing Company,62 Van Duzer St,Staten Island,New York,10301-3226,3472778680,http://www.killsboro.com
211,Kings County Brewers Collective,381 Troutman St,Brooklyn,New York,11237-2613,7182882891,http://www.kcbcbeer.com
212,Kingston Standard Brewing Co.,,Kingston,New York,12401,,http://www.kingstonstandard.com
213,Knucklehead Craft Brewing,426 Ridge Rd,Webster,New York,14580-1793,5853476236,http://www.knuckleheadcraftbrewing.com
214,Lafayette Brewing Co,391 Washington St,Buffalo,New York,14203-2108,7168560062,http://www.panamericangrill.com
215,Lake Drum Brewing,16 E Castle St,Geneva,New York,14456-2400,3157891200,http://www.lakedrumbrewing.com
216,Lake George Beer Hub,1043 State Route 9,Queensbury,New York,12804-1374,5182230372,http://www.lakegeorgebrewingcompany.com
217,Lake Placid Pub and Brewery,813 Mirror Lake Dr,Lake Placid,New York,12946-3829,5185233813,http://www.ubuale.com
218,Ledge Hill Brewing Co,6700 Main St,Westport,New York,12993-2007,5189121783,http://www.ledgehillbrewing.com/
219,LIC Beer Project,3928 23rd St,Long Island City,New York,11101-4817,9178326840,http://licbeerproject.com
220,Limestone Creek Brewing Company,,Manlius,New York,13104,,
221,Lincoln Hill Farm,,Canandaigua,New York,14424-8826,5857529466,http://www.fingerlakingood.farm
222,Lineup Brewing LLC,33 35th St Unit 6A,Brooklyn,New York,11232-2210,7204222053,http://www.lineupbrewing.com
223,Liquid Shoes Brewing,26 E Market St,Corning,New York,14830,6074639726,http://www.liquidshoesbrewing.com
224,Liquid State Brewing Company,620 West Green Street,Ithaca,New York,14850,,http://www.liquidstatebrewing.com
225,Lithology Brewing,211 Main St Ste A,Farmingdale,New York,11735-2675,6316783613,http://Lithologybrewing.com
226,Livingood's Restaurant & Brewery,697 Bear Swamp Rd,Peru,New York,12972-,5184206331,http://www.livingoodsresturant.com
227,Local 315 Brewing Company,3160 Warners Rd,Warners,New York,13164-,315468,http://www.local315brewing.com
228,Lock 32 Brewing Company,10 Schoen Pl,Pittsford,New York,14534-2026,5855067738,http://www.lock32brew.com
229,Long Ireland Brewing Co,817 Pulaski St,Riverhead,New York,11901-3039,6314034303,
230,Long Lot Farm Brewery,153 Johnson Rd,Chester,New York,10918,8453372940,http://www.longlotfarmbrewery.com
231,Lost Kingdom Brewery / Firehouse Distillery,7160 Main St,Ovid,New York,14521-9401,6074034020,http://www.firehousedistillery.net
232,"Lucky Hare Brewing Company, Inc.",6085 Beckhorn Road,Hector,New York,14841,6075462036,http://www.luckyharebrewing.com
233,Lunkenheimer Craft Brewing Co. LLC,"PO Box 539 8920 N Seneca St,",Weedsport,New York,13166-0539,3158347027,http://www.lunkenheimercraftbrewing.com
234,Lyonsmith Brewing Company,138 Water St,Penn Yan,New York,14527-1651,3155365603,http://www.lyonsmithbrewing.com
235,Mad Jack Brewing Co / Van Dyck Restaurant & Lounge,237 Union St,Schenectady,New York,12305-1405,5183487999,http://www.madjackbrewing.com
236,Market Street Brewing Co,63 W Market St # 65,Corning,New York,14830-2526,6079362337,http://www.936-beer.com
237,Mean Max Brew Works,193 Glen St # 2,Glens Falls,New York,12801-3539,5187932337,http://www.meanmaxbrew.com
238,Middle Ages Brewing Co Ltd,120 Wilkinson St Ste 3,Syracuse,New York,13204-2490,3154764250,http://www.middleagesbrewing.com
239,Midriver Brewery,,Cold Spring,New York,10516,9146611790,
240,Mikkeller Brewing NYC,12001 Roosevelt Ave,Flushing,New York,11368-1653,9175720357,http://mikkellernyc.com
241,Miles Craft Ales @ Miles Wine Cellars,168 Randall Rd,Himrod,New York,14842-9715,6072437742,http://www.mileswinecellars.com
242,Mill House Brewing Company,289 Mill St,Poughkeepsie,New York,12601-3111,8452345573,http://www.millhousebrewing.com
243,Mill House Brewing Company - Production,,Poughkeepsie,New York,12601,8452345573,
244,Montauk Brewing Co,62 S Erie Ave,Montauk,New York,11954-5370,6316688471,http://www.montaukbrewingco.com
245,Moriches Field Brewing Company,,Center Moriches,New York,11934-2600,6314495310,
246,Moustache Brewing Co,400 Hallett Ave Ste A,Riverhead,New York,11901-3076,6315913250,http://www.moustachebrewing.com
247,Naked Dove Brewing Company,4048 State Route 5 and 20,Canandaigua,New York,14424-9591,5853962537,http://www.nakeddovebrewing.com
248,New Paltz Brewing Company,7174 Route 209,Wawarsing,New York,12489,8454193040,http://www.pfalzerbrau.com
249,New York Beer Project,6933 S Transit Rd,Lockport,New York,14094-6330,7167436927,http://www.nybeerproject.com
250,Newburgh Brewing Company,88 S Colden St,Newburgh,New York,12550-5640,8455692337,http://www.newburghbrewing.com
251,Next Chapter Brewpub,,Auburn,New York,13021-4620,,http://www.nextchapterbrewpub.com
252,Nine Maidens Brewing Company,1344 University Ave,Rochester,New York,14607,5854343030,https://ninemaidensbrewing.com
253,Noble Shepherd Craft Brewery,7853 State Route 20a,Bloomfield,New York,14469-9659,5852297661,http://www.nobleshepherdbrewery.com
254,North American Breweries,445 Saint Paul St,Rochester,New York,14605-1726,5855461030,
255,North Brewery,110 Washington Ave,Endicott,New York,13760-5307,6077850524,http://www.northbrewery.com
256,North Fork Brewing Company,,Riverhead,New York,11901-4615,,
257,North River Hops And Brewing,1571 Route 9,Wappingers Falls,New York,12590-2827,8452972190,http://www.northriverbrews.com
258,Northern Harvest Brewing Company,,Moriah,New York,12960-2306,5184682337,http://www.northernharvest.beer
259,Old Klaverack Brewery,150 Thielman Rd,Hudson,New York,12534-3716,5189651437,http://www.oldklaverackbrewery.com
260,Other Half Brewing Company,195 Centre St,Brooklyn,New York,11231-3907,,
261,OVAL Craft Brewing,111 Ohio Rd,Plattsburgh,New York,12903-4403,5183242739,http://www.ovalcraftbrewing.com
262,Owls Rest Brewery,,Malone,New York,12953-1517,,
263,Oyster Bay Brewing,36 Audrey Ave,Oyster Bay,New York,11771-1548,5168025546,http://www.oysterbaybrewing.com
264,Pantomime Mixtures,,Hector,New York,14841-9629,6319442668,http://www.pantomimemxitures.com
265,Paradox Brewery / Gateway To the Adirondacks,,Schroon Lake,New York,12870,,
266,Paradox Brewery,154 State Route 9,Schroon Lake,New York,12870,5183515036,http://www.paradoxbrewery.com
267,Peacemaker Brewing Company,20 Pleasant St,Canandaigua,New York,14424-2047,5853963561,http://www.peacemakerbrewing.com
268,Pearl Street Grill and Brewery,76 Pearl St,Buffalo,New York,14202-4106,7168562337,http://www.pearlstreetgrill.com
269,Peekskill Brewing Co,47 S Water St # 53,Peekskill,New York,10566-2035,9147342337,http://www.peekskillbrewery.com
270,Perfect World Brewing Co,1276 Broadway,Albany,New York,12204-2623,,http://www.facebook.com/PerfectWorldBrewing/
271,Pine Island Brewing,682 County Route 1 Ste B,Pine Island,New York,10969-1715,8452882646,http://www.pineislandbeer.com
272,Plan Bee Farm Brewery,115 Underhill Rd,Poughkeepsie,New York,12603-1045,7653078589,http://www.planbeefarmbrewery.com
273,Plattsburgh Brewing Co,411 Route 3,Plattsburgh,New York,12901-6520,5183246680,http://www.plattsburghbrewingco.com
274,Po'Boy Brewing,200 Wilson St Unit E3,Port Jefferson Station,New York,11776-1145,6318281131,http://www.poboybrewery.com
275,Port Jeff Brewing Co,22 Mill Creek Rd,Port Jefferson,New York,11777-1663,8774752739,http://www.portjeffbrewing.com
276,Pressure Drop Brewing,65 Vandalia St,Buffalo,New York,14204-2739,7168489942,http://www.barrelfactory.com
277,Prison City Brewing,28 State St,Auburn,New York,13021-3625,9177272477,http://www.prisoncitybrewing.com
278,Pull Brewing Co,317 Springtown Rd,New Paltz,New York,12561-3020,,http://www.pullbrewing.com
279,Queens Brewery,1539 Covert St,Ridgewood,New York,11385-5356,6462652049,http://www.queensbrewery.com
280,Racing City Brewing Company,250 Excelsior Ave,Saratoga Springs,New York,12866-8532,5183504515,http://www.racingcitybrewingcompany.com
281,Radiant Pig Craft Beers,122 W 27th St Fl 10,New York,New York,10001-6227,,
282,Railhead Brewing Company,40 Park Dr,Hornell,New York,14843-2213,6073243286,http://www.railheadbrewing.com
283,Randolph Beer Dumbo,77 Sands St,Brooklyn,New York,11201-1431,7182983331,http://www.randolphbeer.com
284,Raquette River Brewing,11 Balsam St # 2,Tupper Lake,New York,12986-1033,5183595219,http://www.raquetteriverbrewing.com
285,Rare Form Brewing,90 Congress St,Troy,New York,12180-4123,5183264303,http://www.rareformbrewing.com
286,Real McCoy Beer Co.,20 Hallwood Rd Unit C,Delmar,New York,12054-1925,5186989082,http://www.therealmccoybeerco.com
287,Red Hawk Brewing,4504 Bussey Rd,Syracuse,New York,13215-8783,3154915158,http://www.redhawkbrewing.com
288,Red Shed Brewing Company,817 Butter Bowl Rd,Cherry Valley,New York,13320-3106,6077316454,http://www.redshedbrewing.com
289,Reinvention Brewing Co.,9 N Main St PO Box 57,Manchester,New York,14504-9713,5852897309,http://www.reinventionbrewing.com
290,Resurgence Brewing Company,1250 Niagara St,Buffalo,New York,14213-1502,7163819868,http://www.resurgencebrewing.com
291,RG Brewery / Five Sons Winery,1360 W Sweden Rd,Brockport,New York,14420-,5853913569,http://www.rgbrewery.com
292,Rip Van Winkle Brewing Co.,4545 Route 32,Catskill,New York,12414-6623,5186789275,http://www.ripvanwinklebrewingco.com
293,Roc Brewing Co,56 S Union St,Rochester,New York,14607-1839,5857949798,http://www.rocbrewingco.com
294,Rockaway Brewing Company,,Arverne,New York,11692-1044,7184826528,http://www.rockawaybrewco.com
295,Rockaway Brewing Company,4601 5th St,Long Island City,New York,11101-5369,7184826528,http://www.rockawaybrewco.com
296,Rocky Point Artisan Ales,,Rocky Point,New York,11778,6318482261,http://www.rockypointartisanbeer.com
297,Rogers Beer,23 Woodline Dr,Penfield,New York,14526-2413,5852980483,http://www.rogersbeer.com
298,Rohrbach Brewing Company,97 Railroad St,Rochester,New York,14609-6039,5855468020,http://www.rohrbachs.com
299,Rohrbach's Railroad St Brewery,97 Railroad St,Rochester,New York,14609-6039,5855468020,http://www.rohrbachs.com
300,Roosterfish Brewing Co.,301 N Franklin St,Watkins Glen,New York,14891-1202,6075359797,http://www.roosterfishbrewing.com
301,Roots Brewing Company,175 Main St,Oneonta,New York,13820-2501,6074332925,http://www.rootsbrewingcompany.com
302,Roscoe Brewing Company,145 Rockland Rd,Roscoe,New York,12776-6418,6072905002,http://www.roscoebeercompany.com
303,Route 6 Tap House/ Putnam Brewery,728 US-6,Mahopac,New York,10541,8456287302,http://www.facebook.com/Putnam-Brewery-165364887155377/
304,R.S. Taylor & Sons Brewery,3602 County Route 30,Salem,New York,12865-4702,5182090474,http://www.rstaylorbrewing.com
305,Ruckus Brewing Co,261 W 35th St Ste 1002,New York,New York,10001-1902,6467105098,http://www.ruckusbrewing.com
306,Rushing Duck Brewing Co,1 Battiato Ln,Chester,New York,10918-1283,8456105440,http://www.rushingduck.com
307,Rusty Nickel Brewing Co.,4350 Seneca St,Buffalo,New York,14224-3169,7166086155,http://www.rustynickelbrewing.com
308,S & S Farm Brewery,174 Middle Rd,Nassau,New York,12123,5183360766,http://www.sandsbrewery.com
309,Sackets Harbor Brewing Co,212 W Main St,Sackets Harbor,New York,13685-3183,3156462739,http://www.sacketsharborbrewpub.com
310,Sager Beer Works,,Rochester,New York,14607-1669,5857520613,http://www.sagerbeerworks.com
311,Sahm Brewing Company,203 S Salina St,Syracuse,New York,13202,3158777246,http://www.facebook.com/SahmBrewCo/
312,Saint James Brewery,929 Lincoln Ave Ste 11,Holbrook,New York,11741-2256,6217073192,http://www.saintjamesbrewery.com
313,"SakeBrooklyn Brewing Co., LLC",,Brooklyn,New York,11237-5263,9294007253,http://www.sakebrooklyn.com
314,"Salt Point Brewing Co, LLC",2075 East Shore Dr,Lansing,New York,14882,6075330124,
315,Sand City Brewing Co.,60 Main St,Northport,New York,11768-1722,9177965672,http://www.sandcitybeer.com
316,Saranac Brewery / Matt Brewing Co,811 Edward St,Utica,New York,13502-4001,3156242400,http://www.saranac.com
317,Sato Brewpub,110 Pearl St,Buffalo,New York,14202-4125,7162481436,http://www.satobrewpub.com
318,Scale House Brewery & Pub,23 Cinema Dr Ste C,Ithaca,New York,14850-1682,6072570107,http://www.scalehousebrewpub.com
319,Scale House Brewery,5930 State Route 414,Hector,New York,14841-9662,6075462030,http://www.scalehousebrews.com
320,Secatogue Brewing Co.,375 Union Blvd,West Islip,New York,11795-3114,6318714270,http://www.secatoguebrewing.com
321,Seneca Lake Brewing Company,5430 NY-14,Dundee,New York,14837-8838,6072168369,http://www.senecalakebrewing.com
322,Seneca Lodge Craft Brewing At Seneca Lodge,3600 Walnut Rd,Watkins Glen,New York,14891-0272,6075352014,http://www.senecalodge.com
323,Seneca Street Brew Pub,315 E Seneca St Ste 1,Manlius,New York,13104-1860,3156826968,http://www.senecastreetbrewpub.com
324,Serious Brewing Co.,116 Caverns Rd,Howes Cave,New York,12092,5188264050,
325,Sevens Brew Pub,5857 Route 96,Farmington,New York,14425,5959243232,http://www.fingerlakesgaming.com
326,Shelter Island Craft Brewery,55 N Ferry Rd,Shelter Island,New York,11964,6317495977,http://www.home.shelterislandcraftbrewery.com
327,Shmaltz Brewing Co,6 Fairchild Sq # 1,Clifton Park,New York,12065-1254,5184065430,http://www.shmaltzbrewing.com
328,Shrewd Fox Brewery,552 NY State Highway 55,Eldred,New York,12732,8455578255,http://www.shrewdfoxbrewery.com
329,Silver Lake Brewing Project,14 Borden Ave,Perry,New York,14530,5859694238,http://silverlakebrewingproject.com
330,Sing Sing Kill Brewery,75 Spring St,Ossining,New York,10562-4706,9178812490,http://www.singsingkillbrewery.com
331,Singlecut Beersmiths,19-33 37th St,Astoria,New York,11105-1118,7186060788,http://www.singlecutbeer.com
332,Six Harbors Brewing Company,243 New York Ave.,Huntington,New York,11743-2719,5166803528,
333,Sixpoint Brewery,40 Van Dyke St,Brooklyn,New York,11231-1529,3472278676,http://www.sixpoint.com
334,Skewed Brewing,"21182 Salmon Run Mall Loop W, Unit B219",Watertown,New York,13601-2244,3157882337,http://Skewedbrewing.com
335,SlickFin Brewing Company LLC,,Queensbury,New York,12804-9786,,
336,Sloop Brewing,1065 County Route 19,Elizaville,New York,12523-1205,9178483865,http://www.sloopbrewing.com
337,Small Craft Brewing Co,66 Merrick Rd,Amityville,New York,11701-3463,6314640186,http://www.smallcraftbrewing.com
338,Smart Beer Company,,New Paltz,New York,12561-0430,,http://www.smartbeercompany.com
339,Southampton Publick House,62 Jobs Ln,Southampton,New York,11968-4807,6312832800,http://www.publick.com
340,Southern Tier Brewing Co,2072 Stoneman Cir,Lakewood,New York,14750-9779,7167635479,http://www.southerntierbrewing.com
341,Spider Bite Brewing Co,920 Lincoln Ave Unit 5,Holbrook,New York,11741-2257,6319423255,http://www.spiderbitebeer.com
342,SquareHead Brewing,405 High St Ste 1,Holbrook,New York,11741-5317,6319213060,http://www.squareheadbrewing.com
343,Staten Island Beer Company,20 Kinsey Pl,Staten Island,New York,10303-1427,7183908445,http://www.sibeerco.com
344,Steadfast Beer Co,1756 Western Ave Rear,Albany,New York,12203-4414,,http://www.steadfastbeer.com
345,Steuben Brewing Company,10286 Judson Rd,Hammondsport,New York,14840-9668,6072798874,http://www.steubenbrewingcompany.com
346,Stoneyard Brewing Company,48 Merchant St,Brockport,New York,14420,5856373390,http://www.stoneyardbrewingcompany.com
347,Stout Beard Brewing Company,1153 W Fayette St Ste 102,Syracuse,New York,13204-2740,3153993016,http://www.stoutbeardbrewery.com
348,Strangebird Beer,62 Marshall Street,Rochester,New York,14607,5855058700,https://www.strangebirdbeer.com
349,Strong Rope Brewery,574A President St,Brooklyn,New York,11215-1019,5857033010,http://www.strongropebrewery.com
350,Stumblin' Monkey Brewing Co,61 School St Ste G,Victor,New York,14564-1420,5853988189,http://www.stumblinmonkeybeer.com
351,Stump City Brewing LLC,521 W Fulton Street Ext,Gloversville,New York,12078-6309,5188310722,http://www.stumpcitybrewing.com
352,Suarez Family Brewery,2278 RT. 9,Hudson,New York,12534-4701,5185376464,http://www.suarezfamilybrewery.com
353,Summerhill Brewing LLC,384 Champlin Rd N. Cayuga County,Groton,New York,13073-3212,6075916148,http://www.facebook.com/Summerhill.brewing/
354,Svendale Brewing Co,,Millerton,New York,12546-4553,9177039873,http://svendale.com
355,Sweet Thursday Beer Co,,Brooklyn,New York,11215-6020,9176133980,http://www.sweetthursdaybeer.com
356,Swiftwater Brewing Company,378 Mount Hope Ave,Rochester,New York,14620-1250,5855303471,http://www.swiftwaterbrewing.com
357,Syracuse Suds Factory,320 S Clinton St,Syracuse,New York,13202-1220,3154712253,http://www.sudsfactory.com
358,Table 41 Brewing Co.,4 Dunsback Ferry Rd,Cohoes,New York,12047-5016,5185270221,http://www.table41brewing.com
359,The Beer Diviner,243 Bly Hollow Rd,Petersburg,New York,12040,5182106196,http://www.thebeerdiviner.com
360,The Brewers Collective,1460 N Clinton Ave Unit N,Bay Shore,New York,11706-4058,6316659000,http://www.thebrewerscollective.com
361,The Brewery At Bacchus,4 S Chestnut St,New Paltz,New York,12561-1902,8452558636,http://www.bacchusnewpaltz.com
362,The Brewery of Broken Dreams,8319 Pleasant Valley Rd,Hammondsport,New York,14840-9549,6072244050,http://www.thebreweryofbrokendreams.com
363,The Bronx Brewery,856 E 136th St,Bronx,New York,10454-3509,7184021000,http://www.thebronxbrewery.com
364,The FarmHouse Brewery,14 George St,Owego,New York,13827-1084,6072272676,http://www.thefarmhousebrewery.com
365,The Food Works,,Brooklyn,New York,11206,6178512133,http://www.thefoodworks.com
366,The Good Shepherds Brewing Co,31 Loop Rd Ste 1,Auburn,New York,13021-3823,3154066498,http://www.shepsbeer.com
367,The Lost Borough Brewing Company,543 Atlantic Ave,Rochester,New York,14609-7316,5854718122,http://www.lostboroughbrewing.com
368,The New Buffalo Brewing Co. Inc,11163 Main St,Clarence,New York,14031-1701,7162007275,http://www.newbuffalobrewing.com
369,The Owls Brew,135 W 29th St Rm 602,New York,New York,10001-5175,2125640218,http://www.theowlsbrew.com
370,The VB Brewery,6606 State Route 96,Victor,New York,14564-1409,5859028166,http://www.thevbbrewery.com
371,Thin Man Brewery,486 Elmwood Ave,Buffalo,New York,14222-2014,7169234100,http://www.thinmanbrewery.com
372,Third Rail Beer,928 Broadway Ste 902,New York,New York,10010-8139,,http://www.thirdrailbeer.com
373,Three Heads Brewing,186 Atlantic Ave,Rochester,New York,14607-1213,5852441224,http://www.threeheadsbrewing.com
374,Three Huskies Brewing & Dobber's Grill,401 Lakeshore Dr,Canandaigua,New York,14424-2338,5852603530,http://www.threehuskiesbrewing.com
375,Threes Brewing,333 Douglass St,Brooklyn,New York,11217-3115,7185222110,http://www.threesbrewing.com
376,Tim's Pumpkin Patch,2901 Rose Hill Rd,Marietta,New York,13110-3236,3156739209,http://www.timspumpkinpatch.com
377,Toast Ale,601 W 26th St Ste 325-291,New York,New York,10001-1101,9162023851,http://www.toastale.com/us
378,Township 7 Brewing Co. LLC,303 State Route 11b,Dickinson Center,New York,12930-2008,5186519532,http://www.township7brewing.com
379,Transmitter Brewing,5302 11th St,Long Island City,New York,11101-5917,6463788529,http://www.transmitterbrew.com
380,TripEnd Brewing,3072 Prutsman Rd,Troupsburg,New York,14885-9613,6073467472,http://www.tripendbrewing.com
381,Triphammer Bierwerks,111 Parce Ave Ste 3A-1,Fairport,New York,14450-1467,5853888281,http://www.triphammerbierwerks.com
382,Tuthilltown Spirits,,Gardiner,New York,12525-5528,8452551527,
383,Tweaking Frog Brewing Company,211 Main St Ste A,Farmingdale,New York,11735-2675,6318975509,http://www.tweakingfrogbrewing.com
384,Twisted Rail Brewing Company,169 Lakeshore Dr,Canandaigua,New York,14424-2309,5853960683,http://www.twistedrailbrewing.com
385,Two Goats Brewing,5027 State Route 414,Burdett,New York,14818-9816,607546,http://www.twogoatsbrewing.com
386,Unified Beerworks,,Ballston Lake,New York,12019-1734,5184284185,http://unified-beerworks.com
387,Upstate Brewing Co,3028 Lake Rd,Elmira,New York,14903-1409,6175198381,http://www.upstatebrewing.com
388,Upward Brewing Co.,,Livingston Manor,New York,12758-,8457980471,http://www.upwardbrewing.com
389,US Beer Brewers At the Cellar Door,17 W Cayuga St,Oswego,New York,13126-4000,3152072381,http://www.usbeerbrewers.beer
390,Valcour Brewing Company LLC,49 Ohio Rd,Plattsburgh,New York,12903-4409,5183242337,http://www.valcourbrewery.com
391,Velveteen Brewing Co,,Mamaroneck,New York,10543-4719,,
392,Wagner Valley Brewing Co,9322 Route 414,Lodi,New York,14860-9641,6075826450,http://www.wagnerbrewing.com
393,War Flag Brewing Co,649 Morgan Ave Ste B16-5,Brooklyn,New York,11222-3940,6466968096,http://www.warflag.nyc
394,War Horse Brewing Company,623 Lerch Rd Ste 5,Geneva,New York,14456-9295,3155854432,http://www.3brotherswinery.com
395,Wartega,33 35th St Unit 6A,Brooklyn,New York,11232-2210,9173971171,http://www.wartega.com
396,Water Street Brewing Co,168 Water St Fl 1,Binghamton,New York,13901-2736,6072174546,http://www.waterstreetbrewingco.com
397,WeBe Brewing Company,796 Pre-Emption Road,Geneva,New York,14456,3153254834,http://www.WeBeBrewing.com
398,West Kill Brewing,2173 Spruceton Rd,West Kill,New York,12492-5823,5189896001,http://www.westkillbrewing.com
399,West Shore Brewing Co,10995 Main St,Clarence,New York,14031-1735,7169983752,http://westshorebrewing.com
400,Westtown Brew Works,236 Schefflers Rd,Westtown,New York,10998-,8453044152,http://www.westtownbrewworks.com
401,WhichCraft Brews,1900 Empire Blvd,Webster,New York,14580-1934,5852222739,http://www.whichcraftbrews.com
402,Whitman Brewing Company,,Saratoga Springs,New York,12866,6317868701,http://www.whitmanbrewing.com
403,Wild East Brewing Co.,,Brooklyn,New York,11215-5511,,http://www.wildeastbrewing.com
404,Willow Rock Brewing Company,115 Game Rd,Syracuse,New York,13210-4216,3159286948,http://www.willowrockbrew.com
405,Windy Brew,733 Route 20a,Strykersville,New York,14145-9584,5858054006,http://www.windybrews.com
406,Winnerâs Circle Brewing Company,21 Whistler Court Apt 4,Saratoga Springs,New York,12866,5183657864,http://www.winnerscirclebeer.com
407,Wolf Hollow Brewing Company,6882 Amsterdam Rd,Schenectady,New York,12302,5182144093,http://www.wolfhollowbrewing.com
408,Wood Boat Brewery,625 Mary St Ste A,Clayton,New York,13624-1131,3156863233,http://www.woodboatbrewery.com
409,Wood Kettle Brewing,1192 Manitou Rd,Hilton,New York,14468-9331,5853664183,
410,Woodcock Brothers Brewing,638 Lake St,Wilson,New York,14172-9600,7163334000,http://www.woodcockbrothersbrewery.com
411,Wooden Skiff Beer Co.,,Buffalo,New York,14216-3611,7062285064,http://www.woodenskiff.com
412,Woodland Farm Brewery,6002 Trenton Rd,Utica,New York,13502-6224,3158643051,http://www.woodlandbeer.com
413,Woodstock Brewing,5581 NY-28,Phoenicia,New York,12464,8456880054,http://www.drinkwoodstock.com
414,WT Brews LLC,3 W Genesee St,Baldwinsville,New York,13027-1104,3158573266,http://www.wtbrews.com
415,Yard Owl Craft Brewery,19 Osprey Ln,Gardiner,New York,12525-5339,8456338576,http://www.yardowlcraftbrewery.com
416,Yonkers Brewing Co,92 Main St,Yonkers,New York,10701-7065,9143915805,http://www.yonkersbrewing.com
417,Young Lion Brewing Co,24 Lakeshore Dr,Canandaigua,New York,14424-2333,5852034337,http://www.younglionbrewing.com
